lenght, iter.rep, iter.tck, iter.ttime, iter.time, recr.rep, recr.tck, recr.ttime, recr.timr
100, 10, 392, 392.000000, 39.200001, 10, 313, 313.000000, 31.299999
500, 10, 917, 917.000000, 91.699997, 10, 1598, 1598.000000, 159.800003
1000, 10, 2937, 2937.000000, 293.700012, 10, 3034, 3034.000000, 303.399994
2000, 10, 6098, 6098.000000, 609.799988, 10, 5957, 5957.000000, 595.700012
4000, 10, 12612, 12612.000000, 1261.199951, 10, 13472, 13472.000000, 1347.199951
6000, 10, 20448, 20448.000000, 2044.800049, 10, 20069, 20069.000000, 2006.900024
8000, 10, 25482, 25482.000000, 2548.199951, 10, 24432, 24432.000000, 2443.199951
10000, 10, 34253, 34253.000000, 3425.300049, 10, 34022, 34022.000000, 3402.199951
