scale, iter.rep, iter.tck, iter.ttime, iter.time, recr.rep, recr.tck, recr.ttime, recr.time
100, 500, 12691, 12691.000000, 25.382000, 500, 13381, 13381.000000, 26.761999
500, 500, 69883, 69883.000000, 139.766006, 500, 69108, 69108.000000, 138.216003
1000, 500, 132017, 132017.000000, 264.033997, 500, 136524, 136524.000000, 273.048004
2000, 500, 298453, 298453.000000, 596.906006, 500, 293812, 293812.000000, 587.624023
4000, 500, 614747, 614747.000000, 1229.494019, 500, 638605, 638605.000000, 1277.209961
6000, 500, 907816, 907816.000000, 1815.631958, 500, 946750, 946750.000000, 1893.500000
8000, 500, 1214752, 1214752.000000, 2429.503906, 500, 1284157, 1284157.000000, 2568.313965
10000, 500, 1519616, 1519616.000000, 3039.231934, 500, 1585576, 1585576.000000, 3171.152100
